cellule,Z_biapy,X_biapy,Y_biapy,Z_gcamp,X_gcamp,Y_gcamp,distance_3D
1,54.5854152232737,740.5,896.75,55.3268512608205,739.487653122601,896.159585392812,1.38678152797516
2,57.0762100110222,748.25,911.5,54.8626579650339,747.074729585164,912.09326949724,2.57546925911446
3,64.2296051151073,936,915,56.9490866137601,943.953435450956,916.099710202177,10.8384707246801
4,62.6665054968572,775,1054,50.4400038998065,769.868395645747,1047.69896784059,14.6807258275989
5,60.4742598172049,884.25,1097.5,49.9461850596774,884.340310974889,1099.48566172065,10.7140732982892
6,56.0509504788503,745.75,937.5,53.9633803669032,744.684603769929,937.3665943834,2.347512546907
7,54.6235389787087,828.5,1071.75,50.2255255494169,826.668500281316,1072.50994946755,4.82435866587455
8,57.2913524658411,903.75,1093.25,50.3276704282185,904.12407632764,1094.90972604825,7.16850689999413
9,59.817754590825,740.75,1028.75,50.7188157411268,738.147994509564,1029.23519453256,9.47610333930721
10,50.2539211905511,784.25,1078,49.5641740404415,783.450466229678,1077.52229014587,1.15897026955054
11,56.7842673896635,939.25,898,57.4888279322054,940.763069697271,899.41658647024,2.18917854332891
12,55.8557374532286,739.5,1012.5,51.3059016913681,737.64156368514,1012.05903094523,4.93449538489617
13,58.9740646905319,852.75,892.25,56.6922894523706,853.682196763927,893.98495009713,3.01422309786329
14,54.214769265355,880.25,1102,49.7428648628178,879.614990620282,1103.82961157468,4.87325809002319
15,50.7052655296618,761,1082.25,49.1936032086022,760.075477985866,1080.60620126247,2.4170101814092
16,47.3529751163927,807.25,1020.5,51.764781338954,805.898686106735,1021.11107710576,4.65440636523549
17,56.5751363982377,793.5,985.25,52.8655330732131,796.991994933344,986.301562328377,5.20201583753765
18,51.5024276078391,731.5,983,52.2120148928834,730.123682823631,983.343718678305,1.58616065229236
19,63.9452619806126,728.5,1044.25,50.1216182470041,723.942128330188,1041.88745228615,14.7461504106129
20,42.0029490067855,836.25,1016.25,52.399655355815,839.835142021612,1013.82706574621,11.2612324645783
21,49.4390630365094,825.5,1007.75,52.4870528009441,824.738988268053,1006.35223669959,3.43847680001178
22,54.698715790474,830.5,1007.5,52.5274342189003,829.907290211314,1006.87434474399,2.33606786203597
23,60.9888571727681,779.5,1047.25,50.3970190560759,777.223460714564,1051.35250524892,11.5844816511463
24,50.92958896669,758.25,928.75,54.4430063184335,758.483659128481,927.987688087462,3.60275138301988
25,49.8229506520089,819.75,1003.75,52.5371277768306,820.287854572417,1003.44402997514,2.78382159307782
26,54.1389001048655,804.25,993.5,52.6908394371561,803.589934491596,993.523372144796,1.59157545529708
27,55.2855013134551,735.25,971,52.6659082198955,734.090190328062,971.491169494472,2.90666026966452
28,56.7125677562139,946.5,1010.5,53.6616259837106,946.137105028414,1012.06625154762,3.44863485600202
29,64.9359657018327,720,1025.75,50.6938497430061,726.904960056773,1026.27753885186,15.8364970119822
30,50.5651805915887,861,1060.25,50.9906306151723,859.368689791406,1061.04783563808,1.86513335303997
31,48.6369719390694,845,1018.75,52.2574387319602,844.282157704979,1019.40365629582,3.74837883784585
32,63.1652573089277,762,958.5,53.4297213432167,762.137330524942,958.543056980635,9.73659972045239
33,57.3997206085713,974.5,934.75,56.6038583165517,975.708290923529,936.499128823828,2.26998136249773
34,53.6680165690958,719,967,52.6947883967898,718.436686646708,965.529353298901,1.8512959592729
35,64.8981379965796,947,898.75,57.5464882807628,948.988499728408,900.438970117061,7.8008656423676
36,63.5740710095063,967.75,890.25,58.07384767137,969.75966819039,891.959729641155,6.10036051809144
37,50.9800427310789,799,1052.25,50.5691563000914,797.378747049848,1052.96390535461,1.81850203268816
38,59.6524070361006,966.75,964.75,55.4894710945681,968.218996302324,966.335593117703,4.69063869046108
39,55.7817875780772,761.75,980.25,52.6815954727914,760.516985140814,979.688908918635,3.38324399566991
40,63.3095513371907,752.5,1064.5,49.6627804395023,751.634852972022,1064.24865546093,13.6764764976706
41,55.8914628785939,851,1047.75,51.3161678906812,846.383092394299,1047.36409826777,6.51138082229431
42,58.3214273469591,899.5,1072.25,50.9297206737936,896.714737775589,1075.03993707969,8.3772765329478
43,61.9861993889307,749.25,972,52.8083346122582,746.506903353612,971.429770505753,9.59598576209977
44,51.2540863629738,800.75,1038.5,51.0950985652128,799.385528865601,1038.38217059021,1.37874666500246
45,44.6330457521503,835.25,1069.25,50.3957040735266,834.286713840393,1070.07340138248,5.90035092099544
46,48.8904307343029,789.25,1046.25,50.6971949164212,787.800602075615,1046.11815397931,2.32002899252787
47,55.2644427855938,822,1026.75,51.4788833678623,820.991315717857,1034.33614960139,8.53800737062526
48,57.5784392955144,730.5,921.5,54.3141291468141,730.035181045686,922.407628654203,3.41987824068748
49,54.4223398343546,827.5,1033.75,51.5758013784099,826.719116458879,1033.40333687102,2.9719918591676
50,57.4728899517517,750.75,894,55.5053152418893,750.798283764555,894.691888571379,2.08623856641924
51,57.1782658115338,792.5,1120.5,48.1763080822952,791.55700576102,1120.38874102332,9.05189812435163
52,57.2757710473743,739.75,914.5,54.6871852704516,739.577562730061,914.722843323834,2.60387597314612
53,59.7312170241877,749,1077.75,49.2014549676256,747.373341533437,1076.21995945221,10.7639644561171
54,44.222664609606,804.5,1063.5,50.3050475189339,803.144006813553,1062.50382542395,6.31082111641152
55,59.4837291540333,782.25,1033.5,51.0472472052746,780.89990666025,1033.71634075433,8.54656556868042
56,59.1998957102782,952.75,891.25,57.870453653894,954.196239473257,892.757367302034,2.47612216551026
57,48.4967778581984,876,1028.75,52.4082160238998,881.289179656202,1027.15128712372,6.76983403197361
58,59.1576993006185,777.75,940.75,54.0223604390828,780.027268555399,947.229058865251,8.57530530509499
59,58.9706496132769,782.75,877.75,56.4156975969641,782.809113116065,878.794779090742,2.76094866207322
60,61.5546163360351,737.5,997,51.7811460628329,735.915862332004,997.724194214691,9.92747050325119
61,60.1667426245176,753,1005.75,51.8565737036015,751.806508080825,1000.74141459245,9.77595306044491
62,50.4350422032903,819,1050.75,50.884670620451,818.225750591842,1050.64753865455,0.901180440790954
63,57.360618360257,791.75,999.25,52.5656188816118,789.864611016682,992.657799856942,8.36682821293491
64,58.2433504268807,855.5,1032.5,51.945828563041,852.527588506258,1031.13191232043,7.09687787781842
65,54.5470084880525,847.75,1005.5,52.6179210088011,844.316410701106,1008.9701792628,5.2491006936499
66,60.7676068155254,783.5,1014,51.8041306257316,780.765424710191,1011.74220638437,9.63947298514933
67,59.7044954409323,771.75,1027.25,51.0464782361264,775.564162727532,1031.99167168289,10.5826532391064
68,60.7350273868589,794,1051,50.3198664853714,788.321614332321,1057.22153176769,13.395040049627
69,50.5091254762743,758.5,956,53.4369015688221,757.022970128021,956.660548298167,3.34511795681763
70,57.599105543549,808.5,1038.75,51.4215739898904,814.093464803988,1033.73825292448,9.72452329725467
71,53.9560279857774,886.75,1071,50.9203361347346,880.212895919149,1069.90906088194,7.289670975955
72,60.0965611307165,963.75,867,59.0862820459792,966.539297625999,861.570871102074,6.18678314358627
73,48.5208172894518,795.5,974.5,53.3048034899237,794.083413930377,972.621762025773,5.33113664679336
74,58.643334357754,880.75,1003.75,53.2019486267715,880.168783731573,1003.78668336938,5.47246166671021
75,58.8995249855929,780.25,1094.25,48.9533341792644,779.148771881289,1093.81250037864,10.0165273844792
76,40.6351854999568,921.5,1075.5,51.0860794637732,922.112058541956,1078.8247739221,10.9840758343507
77,58.9952655587933,753,1013.5,51.1391118732856,744.779226646162,1019.22854197784,12.7324961597228
78,51.4165483366786,919.5,1047.25,52.027940056355,911.769449118026,1048.14887868483,7.80661256011288
79,50.7802475173579,732.25,1003.25,51.5083329565747,731.287539380944,1004.11340412745,1.4838819148869
80,65.7290771887053,753.25,1026.25,50.9438429589438,746.325384708604,1025.39252574483,16.3489666419937
81,58.3895479047083,702.75,968.75,52.4221312842852,701.862806598512,968.003008051766,6.07907642854331
82,61.0578923870142,763.75,1022,51.4291321805119,762.060355960285,1016.48335921726,11.2250276445542
83,45.6755608801417,904.75,974.25,54.4507304322556,905.293533775647,975.830177918098,8.93286022987359
84,69.5904789778239,983,872,59.2172129427584,987.822390112701,864.745442241284,13.5458001944464
85,51.232672157639,718.75,957.5,52.9269484012364,716.951509961277,958.316444698797,2.60225293835889
86,54.2616229484986,848.25,933.5,55.2474006670328,847.970538864451,933.979445521856,1.13124897572045
87,59.7463920831269,895.25,1068.25,51.0410540888293,893.877220129583,1070.88512105487,9.19843992975938
88,56.3669260136238,788.25,969,53.3582854125827,786.390213823008,968.553372867843,3.56513655917134
89,49.1888383886149,941.5,1082.5,51.1158684773972,938.095966523182,1083.19487229954,3.97287507820797
90,45.1682015577108,799,998.75,52.4626970573121,796.109024162389,997.684331318288,7.91852610190415
91,62.4388920307456,860,884.5,57.0460707191277,862.221810044312,886.530327238893,6.1758554281198
92,53.9565581992875,830,918.5,55.5192016710722,829.532445973462,920.067500132767,2.26219319552243
93,41.9140911838425,917.5,1065,51.4754021215788,919.736319816991,1066.76662605068,9.97701161545301
94,57.875726997923,763.5,964,53.2240870858161,763.044432592833,964.798138303628,4.74155251854248
95,56.7756514837031,793,1024.5,51.4768928858411,791.433522558983,1024.71645239181,5.52969672672477
96,56.6465250753985,772.5,1012,51.6716151824937,770.096168679001,1012.0885695772,5.52593684657567
97,57.670391163286,770.5,1117,48.0525855764302,769.627815623368,1116.79377678862,9.65947296213972
98,54.7568968043461,952,925,56.6882544831067,952.8500620227,926.569917102619,2.63009270460925
99,56.0098828450477,765.5,914.5,54.9730456550647,764.866929315086,914.720128148554,1.23461178206569
100,49.1005074792442,944,1037.75,52.7492350635033,943.358629911194,1037.59237715931,3.70802016376051
101,48.9009133311007,925.5,1024.25,53.207140528416,925.544058304323,1018.49234477509,7.1900019122396
102,59.5865942386638,955.25,951.5,55.8550739327767,957.862124597657,952.351645436679,4.63386864906096
103,58.1918131053758,907,916.25,56.4773942637614,908.128916772108,918.037499343482,2.72191824744569
104,62.3336416305938,812,879.25,56.6803131353642,810.544428714092,880.208432681265,5.915860381031
105,57.2589525855676,823.25,895.25,56.2422554893728,823.409377844472,897.112858810322,2.12821926264979
106,48.8260461945778,810.75,1031.25,51.4820860301167,808.70519936762,1030.22081879873,3.50641856873773
107,51.4257072760864,841.25,1034.25,51.6734812518541,840.951652907032,1035.23294292618,1.05668336178904
108,50.8883258818421,940.25,1072.5,51.4319332828657,943.8227537272,1075.91212098856,4.97017583614855
109,56.8334278618532,909.75,1115,49.959019721247,909.460900409131,1107.33839454592,10.2976339025579
110,55.1334299277602,841.75,1040,51.6432456131962,837.00038892248,1034.81533321045,7.84990201569301
111,54.4335528135675,730,959.75,53.0035611170833,729.184833196376,960.101902702733,1.68321379567066
112,61.4382986609371,747.75,1055,49.9572075603592,746.955889421733,1054.18594407835,11.5372766073222
113,59.881922971002,770.5,1035.25,50.8760910762173,768.822964968084,1034.72140420246,9.17588514163997
114,56.3023389465004,780,1066.5,49.8890488452801,778.51743677871,1066.49419851569,6.58242487877775
115,46.2514993221278,888,1058.25,51.4709883919559,887.646194469707,1056.38804227105,5.55293895947943
116,57.1537024615202,839.5,1088.5,49.9405627570893,837.93203454083,1084.45426084988,8.41759498595811
117,53.9767272570609,723,999.75,51.5571707932549,721.128956853602,999.372395142343,3.08182435673314
118,55.8479633127746,805.75,957.75,53.8681368017997,809.017463315197,961.189103266914,5.14037555147606
119,56.0944769395889,775,996,52.1923645787857,775.330277671626,998.713937239626,4.76455869492014
120,45.0429486058811,931.5,1096.5,50.6768360321311,932.693332497314,1094.14664404126,6.22117466796456
121,51.2256417205038,898.25,1065.75,51.2008784571841,897.991232558765,1067.60128348143,1.86944492736736
122,56.8380565219298,714.75,948,53.237612340259,713.123323149779,948.061832802181,3.95134144004278
123,44.8633028603218,890,1105.5,49.7767266182931,888.522775909981,1105.76494735385,5.13752091361599
124,62.1531993500569,774.75,946.25,53.9944428173092,775.07632714231,946.416987017092,8.16698734101739
125,50.9083350498678,774.75,1007.75,51.9034898767965,773.42329484516,1006.45949972754,2.10139730909359
126,59.1680377486366,921.25,1008.5,53.3253872242024,922.065474926112,1013.92733371609,8.01607857818136
127,59.5156383791239,732.5,926.75,54.0795136274804,722.520139417637,926.744967215954,11.3643783326563
128,59.4359543512326,794,1016.5,51.7636744607683,793.714004368477,1017.15382206324,7.70539781641758
129,48.815832646093,898.5,1094,50.3014916813013,897.855179286116,1093.61576637385,1.66451554555983
130,59.1980514148002,713.75,918,54.2402589457087,713.689413610515,919.196273557091,5.10043599122352
131,57.403220243855,872.75,1061.75,51.0947743485798,872.366743138302,1062.28598044866,6.34276363086338
132,55.5144303405272,833.75,1022.75,52.1533131540907,836.44215784888,1019.85375805025,5.18970519930941
133,69.8513690198898,977.75,888,58.408317618519,976.064031576841,884.332805106879,12.1340114258407
134,64.0166798190066,794.75,860.5,57.1688897585377,795.790394298068,861.221762749469,6.96387754589569
135,57.2693841649773,803.75,1045.25,50.9002837196764,802.425958241989,1045.02222999897,6.50925542843865
136,54.84655465183,874.25,905.25,56.4925540020222,874.767900291365,906.675693524921,2.23833344245914
137,53.7437091562169,889,1079.5,50.634037299055,888.933866119432,1081.05963483673,3.47949616659228
138,56.4244918240699,901.5,1099.75,50.0778631344415,902.189894273369,1101.51443581771,6.62335893540976
139,50.7102709195712,793.25,1035.25,51.1307987392162,792.115295894507,1034.96747523643,1.24266539991498
140,58.200297767553,934.25,961.5,55.2678089603876,928.854528825982,959.869955575733,6.35355370000882
141,56.799821740603,837.5,906.25,56.0318292012696,837.207030533631,907.727216456672,1.69050646510395
142,53.8479876113753,750.5,949.25,53.5887120101787,749.186505709003,949.696261868606,1.41125502487338
143,51.0170126367366,875.75,1018.5,52.6148969580223,874.94815352581,1019.08678514487,1.88162400033064
144,47.278871932825,824,1027.25,51.7888682896986,824.581632644152,1026.53006706228,4.6039838299636
145,59.4176625388484,757.5,1039.25,50.5854919011568,756.072075086277,1038.96658233814,8.95134254196472
146,53.7970912897327,868.25,1065.5,50.9061777806789,867.253916819534,1066.07645328737,3.11156889876417
147,54.4042122224757,812.25,1103.5,48.9604306751953,810.822254132839,1103.97694206449,5.64806953999204
148,55.5072317249167,874,1069.25,50.6412921288733,867.937358282781,1073.9750697518,9.09721258975124
149,64.3880983327141,844,856.25,57.8362300050394,845.446676254286,858.143817777253,6.9718287802657
150,57.2075266558147,773.5,936.75,54.058844393425,770.237014763164,942.966586622097,7.6946229196327
151,57.9249921458075,708.5,926,53.8966084642161,707.39169060822,927.091370978739,4.31825374512108
152,61.5496807124896,885.5,889.75,57.1573052071999,888.182229645454,891.806966772372,5.54242101910924
153,55.2940356038599,812.5,1004,52.218299239545,804.193994814038,1007.41262665153,9.49188585027855
154,60.908634195269,741.25,935,54.0072907161904,740.609798291019,934.760214633839,6.93512055167233
155,85.2064581678016,882.5,772.25,61.3296402340827,889.917301254763,771.484898364181,25.0140794964955
156,55.7879618095149,915.5,1086,50.8130571825497,912.593263623614,1083.61887944226,6.23446288943288
157,49.6768949008399,840,1055.25,50.9763946872126,834.042223463787,1053.16829828053,6.44339064461287
158,53.6091217476523,878.75,982.5,54.118237309545,885.221615441816,978.89225890647,7.42676247634595
159,58.7422861236182,737.25,978.5,52.6274032791212,740.284921346639,974.635006030177,7.84478923674677
160,61.036887260839,753.25,1032.75,50.9731958436227,752.402454484394,1026.5317120538,11.8601569687682
161,62.7110334895867,859,875.25,57.377210555263,860.823062591438,876.47785290285,5.76895545641108
162,56.7361898398965,835.5,1002.25,52.7399940287073,834.577789023243,1002.24473549313,4.10122929888701
163,42.1299071514395,851.5,1094,49.6828458341983,851.207173868531,1096.26775410273,7.891472521604
164,48.94517949762,829.5,1087.25,49.7187813780146,829.072755718699,1087.9796302438,1.14601825374946
165,49.0422673315056,817,1019.25,51.934076772207,816.241902683826,1019.59229555486,3.00905959213082
166,60.511395518091,840,887.5,56.6987236644842,840.797365076328,889.579965261163,4.4157120848036
167,57.0876305716799,813.75,982.5,53.3414673398297,817.271594684009,979.151382479233,6.13584610127152
168,56.2480402183092,972.75,943.25,56.3126746404675,974.072134392844,944.400261916565,1.75365887160752
169,53.7501444501887,792.5,1095.25,49.0742536963108,791.500409822592,1094.3529403484,4.86496155005276
170,57.2692671247639,778.75,1024,51.3376218117343,777.421928766763,1024.16425653568,6.08072113565911
171,71.2554262104099,1003.25,839,60.3402912232284,1002.94126369025,837.155123787298,11.0742520351283
172,56.4694726901418,920.75,903.25,57.111520344699,922.03054919969,904.215657052333,1.72757778009252
173,56.4867453239802,822.75,1019.75,51.9645546509902,821.928753433991,1020.57112637279,4.66892952668504
174,39.7925464582275,748.25,1142.25,47.5632494756832,747.39725103152,1123.69350860186,20.135897774821
175,58.5573508550228,766.25,878.25,56.2291115820586,765.473963766233,878.525347811849,2.46956408416185
176,57.5740920067336,881.5,1020,52.7262684481328,881.658581332219,1018.05691119859,5.22514453239498
177,54.5104182853072,901.75,981.5,54.1355130304862,896.787118720219,982.178312257672,5.02303215858668
178,54.8202278490779,834.25,1053.5,50.8711376589374,829.307754127082,1054.66794920683,6.43313399114012
179,53.5281013266993,753.5,994.5,52.0914599862808,752.033361742455,994.010041546233,2.11069311031033
180,55.2937607571798,826.5,1107,49.0321008326609,825.924932098241,1106.84504796996,6.28992036782453
181,45.111192974933,878,1062,51.2120910428602,878.346597858398,1060.84465557184,6.21899574355623
182,41.2194540382413,829.25,1064,50.463313660732,828.840978027008,1066.33150530197,9.54212537477055
183,62.2031694900033,871.25,891.75,57.0994088987963,871.064039203213,887.879885474978,6.40786548135056
184,56.2144073322837,930.5,1010.75,53.5245123483728,930.393504226065,1010.88447780271,2.69535909551151
185,62.4059546683064,846.25,878.5,57.1148030744899,847.119612858806,879.594325899512,5.47266487986327
186,62.165923708183,762.5,1097.25,48.6401842816461,761.102175186118,1096.97722704197,13.6005127231112
187,54.0663341625823,754.75,962.75,53.2704271750695,749.337187125783,958.967649532366,6.65117930927107
188,58.6582118762172,739.75,949.25,53.3961034004178,741.844549504065,952.873152162432,6.72340351519929
189,45.8273687570629,845.25,1047.5,51.2609098561863,843.487712295055,1048.0171945583,5.73554853889288
190,57.9273988021697,736.25,991.5,51.9660780333907,733.805006533103,991.674830423951,6.44561122304039
191,50.8606594375358,760.25,985.75,52.4608866850816,759.362767715741,985.70587660042,1.83026097713121
192,54.1111686107567,886.5,1114,49.4150925398949,887.007622023002,1115.74694254875,5.03613133766336
193,46.1428200848044,829.25,1031.5,51.6414547344762,832.503408443803,1033.39488853412,6.66410174513538
194,56.8192779621286,862.5,846.5,58.4192719490744,864.775203389364,847.578890914432,2.98337674900089
195,49.1754915810583,852.75,1009.5,52.7018866632309,851.645526574897,1008.93692951989,3.73796364186391
196,59.2286382278192,755.25,928.75,54.3583244633755,754.19519161615,929.037212720932,4.99149957806622
197,55.1020374435592,763.25,932.25,54.3346194305037,762.154591815944,932.329995065667,1.33986891410714
198,47.6017367103915,853.25,1043.5,51.3208668590392,850.288329071788,1048.5065434333,6.90426686181323
199,43.9237695611823,831.75,1003,52.5895132063918,837.961063806341,1007.7125006095,11.6567614938928
200,56.3250621942328,862.5,1027.75,52.1760081786716,860.729805415219,1027.14808523095,4.55088337372293
201,61.4733010814315,959,896.75,57.7717029026062,960.649156806298,897.731310507385,4.16947449460322
202,55.4667275491932,897.5,923.75,56.131115220087,898.971586017492,925.072507361613,2.08710376015101
203,58.895216776682,740.25,1104,48.2225709898577,740.497314029554,1102.33111010622,10.8051712525896
204,55.1557774511235,737.25,944.5,53.6215107159542,736.022779604987,944.436075045838,1.96573922796199
205,49.2166350575799,911,1037,52.5021100424087,907.149186622761,1032.8974775808,6.51565804368848
206,59.6339777054727,912.75,1100,50.1742322371687,912.912513123579,1102.23285578562,9.72105137317013
207,55.5878072098024,895.5,1048.25,51.5662152738251,893.077495785821,1055.40715326941,8.55958943461165
208,54.4755307530878,768.25,1005.25,51.9073046083821,766.849219433046,1004.1965855743,3.10928507528253
209,56.2092762727257,954,948.75,55.8978605866224,954.537118829243,950.023312071823,1.41661568483791
210,56.9775964261964,824.25,952.5,54.4916313423161,828.868852547227,949.623281779602,5.98241832128658
211,57.4232326219675,695,934.25,53.463478774147,693.925488209081,935.232062245372,4.21884728070823
212,53.7033027766075,816.75,1084.75,49.6734129192339,815.827096751979,1084.95745056169,4.13942005639877
213,58.1141037403684,911.75,949,55.6343079706861,912.485692860154,943.891694729745,5.72585485128012
214,44.2711202268359,800.5,1056.5,50.2900285082705,798.801918511157,1061.5173679863,8.01777519970486
215,57.1568126704649,798.75,1023.75,51.5760583244988,797.571014133544,1023.85265702782,5.70485453001943
216,53.7877361354508,799.5,935.25,54.6400965831792,798.87852479834,935.502633842616,1.08469978222794
217,58.8788995987914,813.75,1025.25,51.7040796412343,812.183437281313,1024.92752034009,7.35092873764885
218,57.6730697451482,808,1055.25,50.5871624463314,806.541102251931,1055.44199246032,7.23707993541354
219,53.65459852427,917.5,1005,53.237248514176,916.235868576699,1014.57244142267,9.66456641949056
220,57.2622382984046,866.5,944,55.0949965771803,862.674095596581,943.20925294933,4.46763495380455
221,56.0618460480276,888.25,1063.25,51.1903425166655,887.928990728029,1064.61212561587,5.06852836651675
222,61.2666377346568,775.75,1015,51.6368804628387,773.793602061298,1014.30553912574,9.85098948911044
223,55.0595052350866,923.5,1089,50.9085957951485,924.738760932516,1084.82721976173,6.01470470957327
224,47.0271200810304,820.5,1038.5,51.227411575498,821.997175363325,1041.95167132594,5.63897310237741
225,56.8086024766782,874,1088.25,50.1549522230241,873.342255301874,1089.83597803238,6.87160942611288
226,63.735070977837,953.5,848.25,59.5109353127247,961.555034263508,847.635002446406,9.11620102315038
227,51.4855901971422,885.5,1040.25,52.0115582858911,889.510469363214,1041.3358259366,4.18802159835189
228,58.0782161060057,881.5,909.5,56.4268648882083,882.164259054617,911.00058913942,2.32808262342776
229,56.2167296754855,848,1060.75,51.0222058342432,854.785459983147,1058.63239594763,8.80396456391937
230,60.612284155085,730.5,1001.75,51.5837935328034,728.981275532156,1001.1719106711,9.17356823695377
231,45.4907062812638,935.25,1070.25,51.5042962153115,934.857655996007,1070.88024369271,6.05924127466035
232,45.3598971174561,920.5,1101.25,50.2417457178181,920.479575855576,1102.75419988831,5.10837353827397
233,65.7376191137107,868.75,858.75,58.0632076154627,871.293225150891,860.029609152175,8.18547406048647
234,63.6998445485461,785.75,851,57.3559226281783,788.020722325472,853.258802229431,7.10659642323961
235,54.8692740936214,891.75,1106.75,49.7011269968706,891.719884235785,1109.00213648981,5.63762096470082
236,51.1378636147408,998.25,1021,53.8745403969076,1000.97497492812,1023.8514170872,4.80056950518693
237,57.6325395123395,932.75,945.25,56.0250753666898,937.491095888991,940.756409970436,6.72713033632854
238,61.7719407498065,943,940.5,55.9179546492629,941.261681024711,945.094657361841,7.64210588764165
239,54.7739024371334,758.75,950.75,53.6635756879381,757.853169591358,950.36465470371,1.47838468242038
240,54.7306018693854,755.5,976.5,52.724603209681,754.468910112868,976.46262329973,2.25578677977439
241,43.5065036763621,961,1084.75,51.3006325482636,966.280574339904,1087.06926014884,9.695972249809
242,59.2970184419231,909,929.75,56.0485990041213,909.753867067653,930.993523036548,3.55905801329586
243,56.068501771967,858.5,1080.5,50.2971955230225,863.242149442193,1082.40776445885,7.70944371415107
244,48.9558812516881,911.25,1014.5,53.146158713576,909.283785098014,1014.93555002006,4.64909992023943
245,56.808474859326,989.5,948.5,56.3233739621051,991.281052229945,949.724543544607,2.21516970431534
246,51.4292910637605,801.75,1028.75,51.4566968327153,801.330647296502,1028.54198553817,0.468911273519782
247,64.87928724654,937.5,889,57.7746408906284,939.404951753697,890.69072522048,7.54740967469286
248,64.8636474335763,749.25,889.75,55.5665460289729,745.033577113727,891.030380574937,10.2885222894274
249,53.5380703558638,991.5,959,55.9491470717379,992.871920667621,961.088332905458,3.47226029728394
250,50.4016903193522,813.25,957.25,54.0621570956123,812.462555451678,956.695457674173,3.7850499505186
251,68.9881739600967,814,862,57.5115673406466,815.408937400427,857.716157699831,12.3308113661934
252,57.2545447545496,911,935.75,55.8687868537746,911.392106973565,936.739807230593,1.74750999768611
253,57.8224568974352,725.5,938,53.7232887940635,725.048259023834,937.894021813961,4.12534609762185
254,61.1143017465927,773.5,1104,48.5382981293073,773.220031915742,1103.89674563482,12.5795433372641
255,54.450461736073,867.5,973.25,54.0053265400811,870.245836338618,977.260614757885,4.88085989118208
256,59.4860143121906,761.75,1016.25,51.3635981086141,757.948022747226,1017.03575908434,9.0025603776565
257,57.4475073971884,874.25,1111.25,49.3839726652632,873.241086318572,1112.14138364179,8.17514917211877
258,62.0664316625168,923,905.75,57.075187149116,926.394457250823,906.697148341369,6.10998787239186
259,50.194207093408,876.75,1078.25,50.5847578395761,881.328697860789,1079.99749831108,4.91637613826956
260,50.1759910694099,860.25,1089.5,49.9569014608284,858.640592846588,1090.76094565683,2.05625280340507
261,54.7785333456113,758.5,1047.25,50.30419979101,756.756293061046,1047.34081731698,4.80295975746712
262,54.2975772487196,829.25,928.25,55.207399467542,829.187162554385,928.988677246709,1.17361368824652
263,62.745630301352,813.5,870.5,57.0094527764257,814.229311302281,871.878318427342,5.94435776684533
264,57.6372370338527,800.5,1008.25,52.0247231277611,802.576880985071,1012.49189169263,7.33535221405488
265,57.4341215904085,816,1011.5,52.1579932204055,819.973466988911,1014.3262247301,7.1842547778959
266,47.1567777378956,785.25,1023.75,51.5483377026502,780.663884126619,1019.12036109267,7.85823225288953
267,64.0480360018101,733,1009.25,51.332038589322,731.396258675881,1009.25699058495,12.8167322394349
268,57.1218360851935,815,946.5,54.5135500747858,816.899157711979,945.069265493706,3.529441479124
269,58.5380200196998,812.75,972.75,53.5067093350965,814.344575702917,973.405304377864,5.3184755997357
270,61.3853510417644,793.25,991.25,52.6660196496745,794.299461799597,991.200758648136,8.78239914286703
271,58.1420068694679,829.75,970,53.6762350563012,831.343613507808,974.058999697669,6.24165045843029
272,50.6446933126164,880.25,953,54.916581391669,887.984933235149,956.665588520978,9.56633467516627
273,55.7531684419266,772,990.5,52.2807955766165,767.662882303137,993.641374602331,6.38249149034724
274,47.0289248726238,826,1044.25,51.1972085155231,829.536526515588,1045.29520274972,5.56543413501086
275,63.5666044212793,784.25,898,55.9321934785424,784.683550072672,893.417632303451,8.9146110299032
276,55.1527863432267,938.5,1059,51.8746095225368,934.732528561013,1060.10973830085,5.11583848529941
277,48.9268525297735,837,997,52.9856158893414,836.811110641396,995.859235165846,4.22025871311314
278,59.6232406816458,830.25,923.25,55.3163743842293,835.465486421223,927.886769139254,8.2006111945708
279,56.5721399337627,1016.25,941.75,56.8929051009679,1019.70891353372,942.530249367362,3.56030366703729
280,50.1870819307494,1003,1027,53.6851846671359,1000.35203253735,1029.13389658481,4.87872617311212
281,54.4572400730824,786.5,982.75,52.8577768440704,784.713338967626,982.506199388116,2.41036905969201
282,62.2728662791042,793.5,894,55.9777955260366,794.338229819318,895.257339311346,6.47390509352574
283,51.5662189066318,904.75,1078.25,50.7481693005723,902.107331720072,1082.06580825429,4.71309807124908
284,60.9315218036972,837.25,1045.75,51.2441058061107,836.767159383659,1046.30373598612,9.7152348048518
285,57.0657749752076,805,879,56.521619168472,800.542002409913,881.531621493801,5.15547819732568
286,47.8464131967457,858,955.5,54.5952794844481,858.834867672257,956.43118182849,6.86376717241889
287,59.544076889238,717.25,971,52.4518214959951,715.511911708083,971.611542955861,7.32768873931912
288,56.7446361152692,732,933.5,53.885506076021,723.574858503693,932.711504393341,8.93192919451618
289,49.9049020399564,867,1027.75,52.265979795492,865.596480370947,1026.13460191315,3.18654460126153
290,53.9796002644892,890.75,973.25,54.3678666373747,889.893279337229,973.188970858528,0.942573936856598
291,53.7310860090639,911.5,964.5,55.0372986271248,905.714340858286,958.972598232879,8.10754052736462
292,47.6993815338958,868.5,1045.5,51.466238371756,869.407300379842,1050.55416489757,6.36843679626365
293,51.3424191278037,830.75,987,53.3237429958424,832.819892214162,984.755522131692,3.63974984712309
294,53.9660536365847,893.5,1009.75,53.0185729494447,892.606823480761,1013.17212665284,3.66147986135043
295,50.729690542726,816.25,988.25,53.0839906195401,815.481786956506,986.025576754455,3.32880442609685
296,50.9812180443153,941.25,997,54.1223415108893,942.446867947648,997.509177841397,3.39976640234863
297,56.3700157412117,716.75,940.5,53.5225888011711,715.209722993733,940.487960828553,3.23735051802446
298,53.9200622687274,902.5,963,54.8366790008045,902.453104752233,963.717649703689,1.16507789224217
299,57.0697001935054,773.5,978.25,52.6936315297965,773.815254137366,983.694093623602,6.99196091973966
300,67.4218406759583,921,877.25,58.0194008524244,923.908044248128,878.525231712029,9.92415295647999
301,48.3329792523843,897.75,1022.75,52.4815051844755,900.857993049058,1031.43471884208,10.1140609830204
302,73.2762183283308,1014.25,839.75,60.3810202859316,1018.8590799211,841.186604040231,13.7692985093721
303,49.5267499635798,983.75,922.5,57.1728119822557,986.4090806366,923.517634246279,8.15895542852026
304,57.4963196059823,717.5,1013.75,51.043777530828,716.296310999994,1012.66533030977,6.6528696648344
